scorer,Byron,Byron,Byron,Byron,Byron,Byron,Byron,Byron,Byron,Byron,Byron,Byron,Byron,Byron,Byron,Byron,Byron,Byron,Byron,Byron,Byron,Byron,Byron,Byron,Byron,Byron,Byron,Byron,Byron,Byron
bodyparts,Nose,Nose,R_Eye,R_Eye,L_F_Knee,L_F_Knee,L_F_Paw,L_F_Paw,R_F_Knee,R_F_Knee,R_F_Paw,R_F_Paw,Throat,Throat,R_F_Elbow,R_F_Elbow,Withers,Withers,L_B_Knee,L_B_Knee,L_B_Paw,L_B_Paw,R_B_Elbow,R_B_Elbow,R_B_Knee,R_B_Knee,R_B_Paw,R_B_Paw,TailBase,TailBase
coords,x,y,x,y,x,y,x,y,x,y,x,y,x,y,x,y,x,y,x,y,x,y,x,y,x,y,x,y,x,y
g_1.png,2.4,153.29999999999998,,,,,,,,,,,,,,,,,,,,,,,,,,,,
g_2.png,4.8,153.29999999999998,,,,,,,,,,,,,,,,,,,,,,,,,,,,
g_3.png,7.199999999999999,151.5,,,,,,,,,,,,,,,,,,,,,,,,,,,,
g_4.png,11.4,152.1,,,,,,,,,,,,,,,,,,,,,,,,,,,,
g_5.png,15.0,150.29999999999998,,,,,,,,,,,,,,,,,,,,,,,,,,,,
g_6.png,16.8,149.7,,,,,,,,,,,,,,,,,,,,,,,,,,,,
g_7.png,24.0,148.5,2.6999999999999997,115.19999999999999,,,,,,,,,,,,,,,,,,,,,,,,,,
g_8.png,25.8,147.29999999999998,5.7,113.39999999999999,,,1.7999999999999998,210.0,,,,,,,,,,,,,,,,,,,,,,
g_9.png,29.4,145.5,9.9,113.39999999999999,,,5.3999999999999995,211.2,,,,,,,,,,,,,,,,,,,,,,
g_10.png,33.0,143.1,12.299999999999999,111.6,,,8.4,212.4,,,,,,,,,,,,,,,,,,,,,,
g_11.png,37.199999999999996,143.1,14.7,111.0,,,8.4,214.2,,,,,,,,,,,,,,,,,,,,,,
g_12.png,38.4,141.29999999999998,17.7,108.6,,,9.0,214.79999999999998,,,,,,,,,,,,,,,,,,,,,,
g_13.png,42.0,141.29999999999998,20.099999999999998,109.2,,,9.0,214.79999999999998,,,,,,,,,,,,,,,,,,,,,,
g_14.png,43.8,140.7,23.7,108.6,,,9.0,214.79999999999998,,,,,,,,,,,,,,,,,,,,,,
g_15.png,47.4,140.1,26.099999999999998,107.39999999999999,,,8.4,217.2,,,,,,,,,,,,,,,,,,,,,,
g_16.png,50.4,139.5,29.099999999999998,107.39999999999999,,,8.4,217.2,,,,,,,,,,,,,,,,,,,,,,
g_17.png,52.199999999999996,138.9,32.1,107.39999999999999,,,8.4,217.2,,,,,,,,,,,,,,,,,,,,,,
g_18.png,55.199999999999996,138.29999999999998,33.3,106.8,,,7.8,217.79999999999998,,,,,,,,,,,,,,,,,,,,,,
g_19.png,58.8,139.5,37.5,108.0,,,7.8,217.79999999999998,,,,,,,,,,,,,,,,,,,,,,
g_20.png,60.599999999999994,140.1,39.9,108.0,2.4,187.79999999999998,7.8,217.79999999999998,,,,,,,,,,,,,,,,,,,,,,
g_21.png,64.2,140.1,42.3,108.6,2.4,186.0,7.8,217.79999999999998,,,,,,,,,,,,,,,,,,,,,,
g_22.png,67.2,138.9,45.9,110.39999999999999,3.0,187.79999999999998,7.8,217.79999999999998,,,,,,,,,,,,,,,,,,,,,,
g_23.png,69.0,142.2,49.5,111.6,3.5999999999999996,187.79999999999998,7.8,217.79999999999998,,,,,,,,,,,,,,,,,,,,,,
g_24.png,73.2,142.2,51.9,111.6,5.3999999999999995,187.79999999999998,7.8,217.79999999999998,,,,,,,,,,,,,,,,,,,,,,
g_25.png,74.39999999999999,143.4,55.5,112.8,6.6,187.79999999999998,8.4,218.4,,,,,,,,,,,,,,,,,,,,,,
g_26.png,77.39999999999999,145.79999999999998,57.3,113.39999999999999,7.199999999999999,188.4,8.4,218.4,,,,,,,,,,,,,,,,,,,,,,
g_27.png,79.8,148.2,59.699999999999996,114.6,7.8,187.79999999999998,9.6,218.4,,,,,,,,,,,,,,,,,,,,,,
g_28.png,82.2,148.79999999999998,62.099999999999994,116.39999999999999,9.0,187.79999999999998,9.6,217.2,,,,,,,,,,,,,,,,,,,,,,
g_29.png,83.39999999999999,151.2,65.1,118.19999999999999,10.2,187.79999999999998,9.6,216.6,,,,,,,,,,,,,,,,,,,,,,
g_30.png,85.8,151.79999999999998,68.1,118.8,10.799999999999999,187.79999999999998,10.799999999999999,216.0,2.4,193.79999999999998,,,,,,,,,,,,,,,,,,,,
g_31.png,86.39999999999999,153.0,70.5,120.6,12.6,188.4,10.799999999999999,215.4,6.6,192.6,,,,,,,,,,,,,,,,,,,,
g_32.png,89.39999999999999,153.0,73.5,121.8,,,12.6,216.0,10.799999999999999,192.0,6.0,216.6,,,,,,,,,,,,,,,,,,
g_33.png,92.39999999999999,152.4,75.89999999999999,121.8,,,,,15.6,190.2,13.799999999999999,216.0,,,,,,,,,,,,,,,,,,
g_34.png,93.0,153.6,77.1,122.39999999999999,,,10.2,213.6,21.0,189.0,22.2,215.4,11.4,137.4,,,,,,,,,,,,,,,,
g_35.png,96.0,153.6,78.89999999999999,121.8,15.6,188.4,10.2,213.6,24.0,189.0,27.599999999999998,214.79999999999998,14.399999999999999,137.4,,,,,,,,,,,,,,,,
g_36.png,98.39999999999999,153.6,81.89999999999999,121.19999999999999,16.8,188.4,10.2,213.6,29.4,187.2,34.199999999999996,213.6,17.4,138.0,,,,,,,,,,,,,,,,
g_37.png,99.0,153.6,83.7,118.8,18.599999999999998,187.79999999999998,10.2,213.6,33.0,187.2,40.8,214.2,19.2,137.4,,,,,,,,,,,,,,,,
g_38.png,100.8,151.79999999999998,83.7,118.19999999999999,18.599999999999998,187.79999999999998,10.799999999999999,213.6,37.199999999999996,186.6,46.199999999999996,214.2,21.599999999999998,137.4,,,,,,,,,,,,,,,,
g_39.png,101.39999999999999,151.79999999999998,86.7,117.0,19.2,186.0,12.0,213.6,41.4,186.6,52.199999999999996,214.2,24.0,137.4,,,,,,,,,,,,,,,,
g_40.png,102.6,150.6,87.89999999999999,115.8,20.4,186.0,13.799999999999999,213.6,44.4,186.6,57.0,213.6,29.4,138.0,4.8,163.2,,,,,,,,,,,,,,
g_41.png,105.0,149.4,88.5,114.0,22.2,186.0,13.799999999999999,213.6,48.0,187.79999999999998,61.199999999999996,215.4,31.2,138.0,9.0,162.6,,,,,,,,,,,,,,
g_42.png,108.0,147.0,89.1,113.39999999999999,22.2,186.0,13.799999999999999,213.6,51.0,188.4,63.599999999999994,216.0,34.199999999999996,138.6,13.2,163.2,3.0,100.2,,,,,,,,,,,,
g_43.png,108.0,147.0,90.89999999999999,112.2,24.0,186.0,13.799999999999999,213.6,53.4,188.4,67.2,217.2,33.6,140.4,16.8,163.2,7.199999999999999,100.2,,,,,,,,,,,,
g_44.png,108.6,144.6,93.3,111.6,24.599999999999998,186.0,13.799999999999999,213.6,55.8,189.6,68.39999999999999,218.4,38.4,139.2,19.8,160.79999999999998,9.6,100.2,,,,,,,,,,,,
g_45.png,110.39999999999999,142.2,95.7,109.8,24.599999999999998,186.0,13.799999999999999,213.6,58.199999999999996,190.2,69.6,218.4,39.6,138.0,23.4,162.0,12.0,100.2,,,,,,,,,,,,
g_46.png,112.8,141.0,96.3,106.8,25.8,186.6,14.399999999999999,213.6,59.4,190.79999999999998,70.8,218.4,41.4,137.4,27.0,160.79999999999998,13.2,100.2,,,,,,,,,,,,
g_47.png,112.8,139.79999999999998,96.3,106.8,27.0,186.6,15.6,213.6,61.199999999999996,192.6,71.39999999999999,220.2,46.8,139.79999999999998,28.2,161.4,17.4,99.6,,,,,,,,,,,,
g_48.png,113.39999999999999,139.2,99.3,106.8,28.2,186.6,15.6,213.6,62.4,193.79999999999998,70.8,220.2,49.199999999999996,138.6,30.599999999999998,159.0,18.599999999999998,99.6,,,,,,,,,,,,
g_49.png,114.6,139.79999999999998,99.3,106.8,28.2,186.6,17.4,213.0,62.4,196.79999999999998,69.0,222.0,51.0,138.6,31.2,157.79999999999998,22.2,99.6,,,,,,,,,,,,
g_50.png,117.0,139.79999999999998,99.3,106.2,29.4,187.2,19.2,213.0,62.4,196.79999999999998,70.2,222.0,53.4,138.0,33.6,156.0,21.599999999999998,99.6,,,,,,,,,,,,
g_51.png,118.19999999999999,139.79999999999998,102.89999999999999,106.8,31.799999999999997,186.6,19.2,213.0,62.4,196.79999999999998,70.2,222.0,53.4,138.0,34.8,157.79999999999998,26.4,99.6,,,,,,,,,,,,
g_52.png,118.19999999999999,139.79999999999998,105.89999999999999,105.6,34.199999999999996,186.6,19.2,213.0,62.4,196.79999999999998,70.2,222.0,55.199999999999996,139.79999999999998,36.6,156.6,27.599999999999998,99.6,,,,,,,,,,,,
g_53.png,121.8,139.79999999999998,106.5,105.6,37.8,189.0,22.8,213.6,64.2,196.2,70.2,222.0,57.0,139.79999999999998,36.6,157.2,30.599999999999998,99.6,,,,,,,,,,,,
g_54.png,124.19999999999999,139.79999999999998,109.5,106.2,42.0,188.4,24.0,213.0,64.2,196.2,70.2,222.0,58.199999999999996,139.79999999999998,37.199999999999996,157.2,32.4,99.0,,,,,,,,,,,,
g_55.png,123.6,142.79999999999998,110.7,106.8,46.8,190.2,28.799999999999997,213.6,64.2,196.2,70.2,222.0,59.4,139.79999999999998,38.4,156.6,35.4,98.39999999999999,,,,,,,,,,,,
g_56.png,126.6,145.2,114.89999999999999,108.6,52.199999999999996,192.6,35.4,213.6,64.2,196.2,70.2,222.0,62.4,141.0,40.199999999999996,156.6,39.0,98.39999999999999,,,4.2,213.6,,,,,,,,
g_57.png,129.6,145.2,116.69999999999999,109.8,,,40.199999999999996,213.0,65.39999999999999,196.2,70.2,222.6,64.2,139.79999999999998,42.0,156.0,41.4,97.2,,,9.6,216.0,,,,,,,,
g_58.png,133.2,145.2,119.69999999999999,111.6,,,44.4,213.6,66.6,195.0,70.2,222.6,64.8,139.79999999999998,44.4,155.4,41.4,97.2,,,15.0,217.79999999999998,,,,,,,,
g_59.png,132.6,148.79999999999998,123.3,112.2,,,49.8,213.0,69.0,195.0,70.8,222.0,68.39999999999999,138.6,46.199999999999996,156.6,45.6,96.6,3.5999999999999996,187.2,18.599999999999998,216.6,,,,,,,,
g_60.png,133.79999999999998,150.0,124.5,113.39999999999999,75.6,192.6,55.8,212.4,68.39999999999999,194.4,71.39999999999999,222.0,70.2,139.2,49.199999999999996,155.4,48.0,96.6,6.6,184.79999999999998,22.8,217.2,,,,,,,,
g_61.png,138.0,151.2,130.5,116.39999999999999,80.39999999999999,192.6,61.8,212.4,70.2,193.79999999999998,71.39999999999999,222.0,72.6,138.0,51.6,154.2,51.6,96.0,7.8,184.2,26.4,217.79999999999998,,,,,,,,
g_62.png,141.0,153.6,131.7,117.0,85.8,192.0,,,71.39999999999999,193.2,71.39999999999999,222.0,74.39999999999999,136.79999999999998,54.6,152.4,52.199999999999996,95.39999999999999,9.6,183.6,28.2,217.79999999999998,,,,,,,,
g_63.png,144.0,153.6,133.5,117.0,90.6,191.4,,,71.39999999999999,193.2,73.8,222.0,77.39999999999999,139.2,56.4,153.6,54.6,95.39999999999999,9.6,183.6,28.799999999999997,219.0,,,,,,,,
g_64.png,148.2,154.2,137.7,118.8,96.0,190.2,81.6,212.4,71.39999999999999,192.6,72.6,220.2,80.39999999999999,138.6,58.199999999999996,153.0,57.599999999999994,95.39999999999999,10.799999999999999,183.6,27.0,219.6,,,,,,,,
g_65.png,150.6,155.4,140.1,120.0,101.39999999999999,189.0,88.8,212.4,75.0,192.6,72.6,220.2,82.8,139.79999999999998,59.4,153.6,58.8,95.39999999999999,10.799999999999999,183.6,27.0,219.6,,,,,,,,
g_66.png,154.2,154.79999999999998,143.7,120.6,104.39999999999999,188.4,94.8,213.0,75.6,193.2,72.6,220.2,86.39999999999999,139.2,63.0,153.0,61.8,94.8,10.799999999999999,183.6,27.0,220.2,,,,,,,,
g_67.png,157.79999999999998,154.79999999999998,147.9,121.19999999999999,109.8,186.6,101.39999999999999,213.6,75.6,193.2,72.6,220.2,87.6,139.2,63.599999999999994,153.0,66.0,94.8,10.799999999999999,183.6,26.4,219.6,,,,,,,,
g_68.png,160.79999999999998,154.79999999999998,150.9,121.19999999999999,113.39999999999999,184.2,109.2,212.4,76.2,193.2,72.6,220.2,88.8,139.2,63.599999999999994,151.2,66.6,95.39999999999999,10.799999999999999,183.6,25.8,219.6,,,,,,,,
g_69.png,165.6,153.0,155.1,119.39999999999999,117.0,183.6,114.6,211.79999999999998,76.8,193.2,72.6,220.2,90.0,139.2,63.0,151.79999999999998,69.6,95.39999999999999,12.6,183.6,26.4,220.2,,,,,,,,
g_70.png,170.4,152.4,156.9,119.39999999999999,122.39999999999999,183.6,121.19999999999999,210.6,76.8,193.2,72.6,220.2,91.2,139.2,63.0,150.0,71.39999999999999,96.0,13.799999999999999,183.6,28.2,220.79999999999998,,,,,,,,
g_71.png,173.4,151.79999999999998,160.5,119.39999999999999,124.19999999999999,183.0,127.19999999999999,210.6,76.8,193.2,72.6,220.2,92.39999999999999,140.4,66.0,147.6,73.8,97.2,15.6,183.6,27.599999999999998,220.79999999999998,,,,,,,,
g_72.png,177.0,149.4,163.5,118.19999999999999,126.0,182.4,132.6,210.6,79.2,193.2,72.6,220.2,95.39999999999999,139.2,66.0,150.0,75.6,97.2,18.0,183.0,25.8,219.6,,,,,,,,
g_73.png,180.6,147.0,165.29999999999998,116.39999999999999,130.2,183.0,138.0,212.4,79.2,193.2,72.6,220.2,97.2,139.79999999999998,67.2,151.2,76.8,97.2,18.0,183.6,27.0,219.6,,,,,,,,
g_74.png,183.6,147.0,168.29999999999998,115.19999999999999,132.6,183.6,139.79999999999998,212.4,79.2,193.2,75.0,220.2,98.39999999999999,139.79999999999998,71.39999999999999,148.79999999999998,80.39999999999999,96.6,18.599999999999998,183.0,29.4,220.2,,,,,,,,
g_75.png,187.2,144.0,171.9,112.8,136.2,185.4,145.2,211.2,81.6,193.2,75.0,219.0,99.0,141.0,71.39999999999999,149.4,82.2,97.8,20.4,183.0,28.799999999999997,220.2,4.8,148.2,,,,,,
g_76.png,190.2,142.79999999999998,174.29999999999998,111.0,136.79999999999998,187.2,147.6,211.79999999999998,81.6,193.2,75.0,219.0,100.2,140.4,74.39999999999999,148.2,84.0,97.8,21.599999999999998,181.79999999999998,29.4,219.6,8.4,148.2,,,,,,
g_77.png,193.2,140.4,176.1,109.8,139.2,186.0,149.4,211.79999999999998,84.0,193.2,76.8,219.0,100.8,139.79999999999998,76.2,149.4,87.0,97.8,22.8,181.2,28.799999999999997,219.6,9.6,147.6,,,,,,
g_78.png,196.79999999999998,139.79999999999998,179.7,106.8,139.2,186.6,150.6,214.79999999999998,83.39999999999999,193.2,76.8,219.0,103.8,140.4,78.6,151.2,90.0,96.6,24.599999999999998,181.2,29.4,219.0,12.6,145.2,,,,,,
g_79.png,196.79999999999998,138.6,180.29999999999998,106.8,141.6,189.0,152.4,214.79999999999998,85.2,192.6,76.8,219.0,106.8,141.6,78.6,150.0,93.0,96.6,25.2,180.6,29.4,218.4,16.2,146.4,,,3.0,212.4,,
g_80.png,201.0,137.4,185.1,105.6,142.79999999999998,189.6,151.2,216.6,87.6,192.6,76.8,219.0,107.39999999999999,141.0,80.39999999999999,150.0,94.8,96.6,26.4,180.0,30.599999999999998,219.0,19.2,146.4,,,8.4,212.4,,
g_81.png,202.79999999999998,136.2,185.7,103.8,142.2,191.4,151.2,217.2,88.2,192.6,79.2,217.79999999999998,110.39999999999999,141.0,83.39999999999999,149.4,97.2,96.6,26.4,180.0,33.0,219.0,20.4,144.0,6.0,174.0,15.0,212.4,,
g_82.png,206.4,135.0,189.29999999999998,103.2,142.2,191.4,150.6,218.4,88.2,192.6,79.8,217.79999999999998,114.0,140.4,87.0,151.79999999999998,97.2,96.6,28.2,180.0,33.0,216.6,25.2,142.2,9.6,174.0,21.599999999999998,212.4,,
g_83.png,207.6,134.4,191.7,102.6,142.2,190.79999999999998,150.6,218.4,89.39999999999999,192.0,80.39999999999999,217.79999999999998,116.39999999999999,141.6,88.2,151.79999999999998,99.6,97.2,30.599999999999998,178.79999999999998,,,30.0,140.4,15.6,174.0,29.4,212.4,,
g_84.png,210.6,132.6,194.1,102.0,144.6,191.4,149.4,218.4,91.8,192.0,81.6,217.79999999999998,118.19999999999999,141.6,90.6,152.4,104.39999999999999,95.39999999999999,,,30.0,216.6,32.4,141.6,22.2,175.2,36.0,212.4,,
g_85.png,212.4,132.0,197.7,100.8,144.6,191.4,149.4,218.4,95.39999999999999,192.0,82.2,216.6,122.39999999999999,142.2,93.6,153.0,106.8,96.0,,,30.599999999999998,216.6,33.6,142.2,25.2,176.4,42.6,212.4,9.0,113.39999999999999
g_86.png,214.79999999999998,131.4,199.5,100.8,144.6,191.4,149.4,218.4,96.6,192.0,83.39999999999999,216.6,123.0,143.4,94.2,150.6,108.6,96.6,,,30.599999999999998,216.6,38.4,139.2,31.799999999999997,177.0,49.199999999999996,213.0,13.2,114.6
g_87.png,217.79999999999998,131.4,204.29999999999998,100.2,144.6,191.4,149.4,218.4,100.8,192.0,87.0,217.2,125.39999999999999,142.2,97.2,151.79999999999998,110.39999999999999,96.6,30.599999999999998,181.2,30.599999999999998,216.6,39.0,141.0,34.8,177.0,55.199999999999996,213.6,14.399999999999999,114.0
g_88.png,220.2,131.4,206.1,99.6,147.0,193.2,149.4,218.4,105.0,193.2,91.2,216.0,128.4,140.4,100.2,151.2,112.2,96.0,33.6,180.0,30.599999999999998,216.6,40.8,138.6,41.4,178.2,60.599999999999994,214.2,16.2,113.39999999999999
g_89.png,222.6,133.2,207.9,99.6,147.6,193.2,149.4,218.4,111.0,195.0,95.39999999999999,217.2,130.2,139.79999999999998,100.8,153.0,114.0,96.0,34.8,178.79999999999998,30.599999999999998,216.6,43.8,139.2,45.6,179.4,66.6,214.79999999999998,18.599999999999998,113.39999999999999
g_90.png,224.4,133.2,209.1,100.2,148.79999999999998,193.2,149.4,218.4,115.8,195.0,100.8,217.79999999999998,133.79999999999998,141.6,106.2,151.79999999999998,116.39999999999999,96.0,34.8,178.79999999999998,30.599999999999998,216.6,46.199999999999996,138.6,50.4,182.4,72.6,216.0,22.2,113.39999999999999
g_91.png,228.6,134.4,212.1,102.0,148.2,190.79999999999998,149.4,218.4,121.8,194.4,105.0,218.4,135.6,141.0,109.8,152.4,115.8,96.0,35.4,178.79999999999998,30.599999999999998,216.6,49.199999999999996,140.4,54.0,181.79999999999998,75.0,216.0,25.2,116.39999999999999
g_92.png,231.0,134.4,216.29999999999998,102.6,148.2,190.79999999999998,149.4,218.4,127.19999999999999,194.4,110.39999999999999,218.4,139.2,139.79999999999998,112.2,155.4,119.39999999999999,95.39999999999999,37.199999999999996,178.79999999999998,30.599999999999998,216.6,51.6,138.6,58.199999999999996,183.0,79.2,216.6,25.2,117.0
g_93.png,233.39999999999998,136.2,218.7,103.2,150.0,190.79999999999998,149.4,218.4,133.2,194.4,117.6,217.2,144.0,138.0,114.0,156.0,120.6,94.2,37.199999999999996,178.79999999999998,30.599999999999998,216.6,53.4,138.0,61.8,184.2,81.0,217.2,26.4,117.6
g_94.png,235.2,136.2,221.7,104.39999999999999,152.4,191.4,151.2,219.0,138.6,193.2,123.0,216.6,146.4,138.6,117.0,156.6,123.6,95.39999999999999,42.6,179.4,31.799999999999997,216.6,55.199999999999996,139.2,63.0,184.2,82.8,217.2,28.2,117.6
g_95.png,237.0,136.79999999999998,223.5,105.0,154.2,190.79999999999998,151.2,219.0,143.4,192.6,130.2,217.79999999999998,147.6,138.6,117.6,154.79999999999998,125.39999999999999,95.39999999999999,42.0,177.6,33.6,216.6,54.6,141.6,66.0,185.4,85.2,217.79999999999998,30.0,118.19999999999999
g_96.png,240.0,137.4,226.5,105.0,,,151.79999999999998,219.0,150.0,193.2,135.6,216.0,152.4,138.0,121.8,155.4,127.8,94.8,43.199999999999996,179.4,33.6,216.6,57.0,141.6,67.2,185.4,86.39999999999999,219.0,33.0,118.19999999999999
g_97.png,241.79999999999998,136.2,229.5,104.39999999999999,,,152.4,219.0,154.2,191.4,143.4,217.2,154.2,138.0,127.19999999999999,157.2,132.0,94.8,46.199999999999996,179.4,33.6,216.0,60.599999999999994,141.0,68.39999999999999,186.0,86.39999999999999,219.0,34.199999999999996,119.39999999999999
g_98.png,245.39999999999998,133.79999999999998,229.5,104.39999999999999,,,,,160.79999999999998,192.0,150.6,217.2,156.0,139.79999999999998,129.6,156.6,132.6,94.2,48.0,177.6,34.199999999999996,215.4,61.199999999999996,141.6,68.39999999999999,186.6,86.39999999999999,220.79999999999998,36.6,119.39999999999999
g_99.png,247.2,134.4,231.89999999999998,104.39999999999999,156.6,190.2,152.4,214.79999999999998,164.4,190.79999999999998,157.2,216.6,160.2,138.0,132.0,157.79999999999998,136.2,94.2,48.0,177.6,34.8,215.4,65.39999999999999,140.4,67.8,186.6,86.39999999999999,222.6,37.8,119.39999999999999
g_100.png,248.39999999999998,133.79999999999998,236.7,103.2,157.79999999999998,189.6,153.6,216.6,171.0,189.6,166.2,216.0,164.4,137.4,135.0,159.0,138.6,93.6,50.4,177.6,37.199999999999996,213.6,67.8,139.2,67.8,186.6,86.39999999999999,222.6,39.6,118.19999999999999
g_101.png,251.39999999999998,133.79999999999998,238.5,102.6,157.79999999999998,189.0,153.6,216.6,175.2,189.0,172.79999999999998,214.79999999999998,167.4,138.6,139.2,159.0,141.0,93.6,51.6,177.6,37.8,213.0,69.0,142.79999999999998,68.39999999999999,186.6,86.39999999999999,222.6,41.4,118.19999999999999
g_102.png,252.0,133.2,240.29999999999998,102.0,160.2,190.2,153.6,216.6,180.6,189.0,180.0,214.79999999999998,169.79999999999998,138.0,141.6,159.0,144.6,93.6,52.8,175.79999999999998,39.0,213.0,72.0,139.79999999999998,69.6,187.2,86.39999999999999,222.6,45.0,118.19999999999999
g_103.png,255.0,130.79999999999998,242.1,99.6,160.79999999999998,189.6,153.6,216.6,183.6,187.79999999999998,186.0,215.4,172.79999999999998,138.0,145.2,159.0,146.4,93.6,52.8,175.2,40.8,212.4,73.8,140.4,70.2,187.2,86.39999999999999,222.6,48.6,117.6
g_104.png,258.0,129.6,243.89999999999998,98.39999999999999,160.79999999999998,188.4,153.6,216.6,188.4,187.79999999999998,193.2,214.79999999999998,177.0,139.2,149.4,159.6,149.4,93.6,53.4,175.2,42.6,211.79999999999998,74.39999999999999,142.79999999999998,72.0,187.2,86.39999999999999,222.6,51.0,117.6
g_105.png,259.8,129.0,245.1,97.2,163.2,188.4,156.0,216.0,192.0,187.79999999999998,199.2,214.2,179.4,138.6,152.4,159.6,151.79999999999998,93.6,53.4,175.2,47.4,210.6,75.0,142.2,72.6,187.2,86.39999999999999,222.6,52.199999999999996,117.0
g_106.png,262.2,127.19999999999999,248.7,95.39999999999999,163.79999999999998,188.4,156.0,216.0,195.6,187.2,203.4,214.2,181.2,137.4,156.6,160.2,153.0,93.6,56.4,175.2,49.8,210.6,75.6,140.4,73.8,186.6,86.39999999999999,222.6,53.4,115.8
g_107.png,262.2,125.39999999999999,248.7,93.6,165.0,189.6,156.0,216.0,199.2,187.2,208.79999999999998,214.79999999999998,184.79999999999998,139.2,160.2,162.0,154.2,94.2,59.4,175.2,54.0,210.0,79.2,138.0,73.8,186.6,86.39999999999999,222.6,55.8,114.0
g_108.png,265.2,124.8,251.1,92.39999999999999,164.4,188.4,156.0,216.0,201.6,187.79999999999998,213.0,214.79999999999998,187.2,136.79999999999998,164.4,160.2,156.6,94.2,61.199999999999996,175.2,57.0,210.0,81.6,138.6,75.0,185.4,86.39999999999999,222.6,56.4,112.2
g_109.png,266.4,122.39999999999999,251.7,91.2,165.6,188.4,156.0,216.0,205.2,187.79999999999998,215.4,215.4,188.4,136.2,167.4,160.2,159.6,94.2,63.0,175.2,61.199999999999996,210.6,84.6,139.2,76.8,184.79999999999998,87.6,222.6,60.0,112.8
g_110.png,268.8,120.6,253.5,88.8,166.79999999999998,187.79999999999998,156.0,216.0,205.79999999999998,187.79999999999998,217.2,216.6,191.4,136.79999999999998,169.2,157.2,162.0,94.2,66.0,174.6,66.6,210.0,84.6,138.6,78.6,184.79999999999998,87.6,222.0,63.0,112.8
g_111.png,272.4,119.39999999999999,253.5,87.6,168.0,187.79999999999998,156.0,216.0,207.6,190.2,221.4,218.4,195.0,133.2,170.4,154.79999999999998,164.4,94.2,68.39999999999999,174.0,70.2,210.0,88.2,139.79999999999998,79.2,184.79999999999998,87.6,222.0,63.599999999999994,111.6
g_112.png,273.0,118.8,254.1,86.39999999999999,169.2,187.79999999999998,157.2,215.4,210.6,190.79999999999998,222.0,219.0,198.6,133.79999999999998,176.4,153.6,165.6,94.2,,,75.6,209.4,89.39999999999999,138.6,79.8,184.2,88.8,222.0,63.599999999999994,112.2
g_113.png,273.59999999999997,117.0,255.89999999999998,85.8,169.79999999999998,187.79999999999998,158.4,214.79999999999998,211.2,192.0,222.0,221.4,198.6,135.0,180.0,153.0,168.6,94.8,,,,,93.0,139.79999999999998,81.0,183.0,88.8,222.0,66.0,112.2
g_114.png,276.59999999999997,115.8,259.5,85.2,171.6,187.79999999999998,158.4,214.79999999999998,211.2,192.0,220.79999999999998,221.4,202.79999999999998,133.2,181.2,153.6,171.0,94.8,,,,,94.2,139.2,82.2,182.4,88.8,222.0,67.8,111.6
g_115.png,277.2,115.8,260.09999999999997,84.6,171.6,189.0,158.4,214.79999999999998,213.6,195.0,220.79999999999998,221.4,205.2,136.2,183.0,153.0,173.4,94.8,,,94.8,210.6,95.39999999999999,139.79999999999998,82.2,182.4,88.8,222.0,69.6,112.2
g_116.png,280.8,114.6,261.9,84.6,172.2,189.0,158.4,214.79999999999998,213.0,195.0,219.0,221.4,205.79999999999998,135.6,184.79999999999998,153.6,178.2,94.8,,,101.39999999999999,210.6,97.2,139.79999999999998,82.2,182.4,88.8,222.0,73.2,112.2
g_117.png,283.2,115.19999999999999,264.3,84.6,174.0,189.0,158.4,214.79999999999998,213.0,195.0,220.2,222.6,209.4,136.79999999999998,184.79999999999998,151.79999999999998,180.6,94.8,97.2,180.6,107.39999999999999,210.0,100.8,139.2,84.0,182.4,88.8,222.0,76.2,112.2
g_118.png,284.4,115.19999999999999,267.3,84.6,174.6,189.0,158.4,214.79999999999998,212.4,195.0,221.4,223.2,210.6,138.0,185.4,153.6,184.2,94.2,100.8,177.0,114.0,209.4,103.2,139.79999999999998,85.2,182.4,88.8,222.0,79.2,111.6
g_119.png,288.0,116.39999999999999,269.09999999999997,84.6,177.6,188.4,161.4,215.4,212.4,195.0,219.0,222.6,213.0,138.0,186.6,151.79999999999998,183.6,94.2,105.6,177.0,121.19999999999999,211.2,104.39999999999999,140.4,86.39999999999999,181.2,88.8,222.0,79.2,111.6
g_120.png,289.2,118.19999999999999,272.09999999999997,85.2,180.6,188.4,164.4,213.6,212.4,195.0,219.0,222.6,214.79999999999998,138.0,191.4,151.2,185.4,94.8,110.39999999999999,177.0,126.6,211.79999999999998,106.8,142.2,87.6,181.2,88.8,222.0,82.8,112.8
g_121.png,289.2,118.19999999999999,276.9,85.2,186.0,189.0,166.79999999999998,213.0,214.2,195.0,219.0,222.6,217.2,138.0,189.0,151.2,185.4,94.2,116.39999999999999,177.0,133.79999999999998,212.4,108.0,142.79999999999998,88.2,181.2,88.8,222.0,84.6,112.2
g_122.png,295.2,118.8,277.5,87.6,190.2,190.2,170.4,213.6,214.2,195.0,219.0,222.6,219.0,138.0,191.4,150.6,187.79999999999998,94.2,121.8,178.2,139.79999999999998,214.2,110.39999999999999,141.6,88.8,181.2,88.8,222.0,87.6,112.2
g_123.png,297.0,123.0,282.3,88.2,195.6,191.4,177.6,213.0,215.4,195.0,219.0,222.6,221.4,137.4,194.4,151.79999999999998,190.2,94.8,127.19999999999999,179.4,145.79999999999998,216.0,113.39999999999999,141.0,90.6,181.2,88.8,222.0,88.8,113.39999999999999
g_124.png,297.0,123.6,285.9,90.6,199.79999999999998,190.79999999999998,183.6,212.4,217.2,193.79999999999998,220.2,223.79999999999998,222.0,136.79999999999998,196.2,151.79999999999998,190.79999999999998,93.6,133.2,179.4,151.2,216.0,115.8,142.2,91.2,181.79999999999998,88.8,222.0,90.0,114.0
g_125.png,301.8,125.39999999999999,288.3,92.39999999999999,206.4,190.2,188.4,213.6,217.2,193.79999999999998,221.4,223.2,226.2,136.79999999999998,196.79999999999998,149.4,192.0,94.2,137.4,180.6,154.79999999999998,216.0,115.8,142.79999999999998,92.39999999999999,182.4,88.8,222.0,93.0,114.0
g_126.png,305.4,130.2,291.9,94.2,,,193.2,213.6,219.0,193.79999999999998,221.4,223.2,226.79999999999998,136.79999999999998,202.2,149.4,195.6,92.39999999999999,142.2,181.2,161.4,216.6,117.6,143.4,93.6,182.4,88.8,222.0,94.2,114.6
g_127.png,306.59999999999997,130.2,294.3,96.0,,,199.79999999999998,213.0,220.79999999999998,193.79999999999998,221.4,223.2,229.2,136.79999999999998,203.4,148.2,199.2,92.39999999999999,145.2,181.79999999999998,165.0,217.79999999999998,119.39999999999999,144.0,95.39999999999999,182.4,88.8,222.0,96.6,117.0
g_128.png,312.59999999999997,132.6,299.09999999999997,96.6,,,205.79999999999998,212.4,220.79999999999998,193.79999999999998,221.4,223.2,231.6,136.2,205.79999999999998,148.79999999999998,198.0,93.0,147.6,182.4,167.4,217.79999999999998,120.6,144.0,96.0,182.4,91.8,220.79999999999998,99.0,117.0
g_129.png,313.8,134.4,302.09999999999997,98.39999999999999,229.79999999999998,190.79999999999998,211.2,213.0,222.6,193.2,221.4,223.2,235.79999999999998,133.2,210.0,150.6,202.79999999999998,93.0,150.0,181.79999999999998,169.2,218.4,122.39999999999999,148.2,98.39999999999999,182.4,92.39999999999999,219.6,100.2,117.6
g_130.png,316.8,135.6,305.7,100.8,235.2,190.79999999999998,218.4,213.0,224.4,193.2,222.0,223.2,237.6,133.2,210.6,148.79999999999998,205.2,92.39999999999999,150.6,181.79999999999998,169.79999999999998,218.4,121.19999999999999,150.6,100.2,182.4,91.8,219.6,103.2,118.19999999999999
g_131.png,320.4,138.0,310.5,102.0,240.6,189.0,,,225.0,192.6,223.2,223.2,240.0,133.2,213.6,150.0,208.2,91.8,151.79999999999998,181.79999999999998,168.6,220.2,124.19999999999999,151.2,100.2,182.4,92.39999999999999,219.6,105.6,118.8
g_132.png,322.8,138.0,312.9,103.8,245.39999999999998,187.79999999999998,233.39999999999998,213.0,225.0,192.6,223.79999999999998,222.0,241.79999999999998,133.2,213.6,147.0,210.6,91.8,152.4,183.0,169.2,221.4,127.19999999999999,150.6,102.0,181.2,93.0,220.2,108.6,119.39999999999999
g_133.png,325.2,139.2,316.5,103.8,250.79999999999998,186.6,241.79999999999998,212.4,227.4,192.6,223.79999999999998,222.0,243.0,133.79999999999998,217.2,147.0,212.4,91.8,151.2,183.6,169.2,221.4,129.6,149.4,104.39999999999999,181.2,94.2,219.0,112.8,118.19999999999999
g_134.png,330.0,138.0,318.9,105.6,254.39999999999998,184.79999999999998,247.2,212.4,227.4,192.6,223.79999999999998,222.0,244.79999999999998,134.4,217.2,147.6,213.0,91.8,151.2,184.79999999999998,169.2,220.79999999999998,132.0,147.6,105.6,181.2,94.2,219.0,114.6,118.19999999999999
g_135.png,332.4,139.2,320.7,105.0,259.2,184.79999999999998,255.0,212.4,227.4,192.6,224.4,222.0,247.79999999999998,135.6,218.4,147.6,217.2,91.2,151.2,184.79999999999998,169.2,220.79999999999998,132.0,151.79999999999998,106.2,181.79999999999998,96.6,217.2,117.0,117.6
g_136.png,334.8,137.4,323.09999999999997,103.8,263.4,184.79999999999998,261.0,212.4,229.2,192.6,224.4,222.0,250.79999999999998,136.2,219.6,147.6,220.79999999999998,90.6,152.4,184.79999999999998,169.2,220.79999999999998,133.2,153.6,108.6,179.4,97.8,217.2,120.0,117.6
g_137.png,337.8,136.2,327.3,102.6,267.59999999999997,183.6,268.2,211.79999999999998,229.2,192.0,223.79999999999998,222.0,252.0,136.2,222.0,147.6,223.2,91.2,153.6,184.79999999999998,169.2,220.79999999999998,135.0,151.2,111.0,179.4,99.0,217.2,120.6,117.6
g_138.png,340.8,134.4,329.7,100.8,271.8,183.0,274.2,211.79999999999998,231.0,192.0,223.79999999999998,221.4,254.39999999999998,136.79999999999998,225.0,148.79999999999998,226.79999999999998,93.0,156.6,184.2,169.2,220.79999999999998,139.2,150.0,113.39999999999999,178.2,102.0,216.0,124.8,116.39999999999999
g_139.png,342.0,133.2,333.3,100.8,273.59999999999997,183.0,280.2,210.6,231.0,190.79999999999998,223.79999999999998,221.4,255.0,136.79999999999998,228.0,149.4,228.6,93.0,157.2,183.0,170.4,220.79999999999998,140.4,150.0,113.39999999999999,181.2,105.0,215.4,126.6,116.39999999999999
g_140.png,345.0,132.0,333.9,99.6,277.2,182.4,285.59999999999997,210.0,234.0,190.79999999999998,225.0,221.4,256.2,136.2,228.0,148.79999999999998,229.79999999999998,92.39999999999999,158.4,183.0,170.4,220.79999999999998,148.2,150.0,115.19999999999999,181.79999999999998,109.2,214.79999999999998,129.0,116.39999999999999
g_141.png,346.8,130.79999999999998,336.9,97.2,280.2,184.2,289.8,211.2,234.0,190.79999999999998,226.2,221.4,260.4,138.0,228.6,148.2,232.79999999999998,93.0,158.4,182.4,170.4,220.79999999999998,151.79999999999998,148.79999999999998,118.19999999999999,180.6,112.8,214.79999999999998,132.0,115.19999999999999
g_142.png,348.59999999999997,129.0,338.09999999999997,96.0,282.59999999999997,184.2,293.4,211.79999999999998,235.79999999999998,190.79999999999998,226.2,221.4,261.0,137.4,232.2,150.0,234.6,93.0,160.2,181.79999999999998,170.4,220.79999999999998,154.79999999999998,150.0,122.39999999999999,180.6,117.6,214.2,133.79999999999998,115.19999999999999
g_143.png,353.4,125.39999999999999,338.7,94.2,285.59999999999997,186.0,297.0,214.79999999999998,235.79999999999998,190.79999999999998,226.2,221.4,261.0,138.6,234.0,148.2,237.6,92.39999999999999,161.4,181.79999999999998,171.0,220.79999999999998,160.2,147.0,127.19999999999999,179.4,121.19999999999999,213.6,136.2,114.6
g_144.png,354.59999999999997,123.0,341.7,93.0,288.59999999999997,187.2,299.4,216.0,236.39999999999998,190.79999999999998,226.2,220.79999999999998,265.2,138.6,234.6,148.79999999999998,240.0,92.39999999999999,162.0,180.6,171.0,220.79999999999998,161.4,148.2,130.79999999999998,177.0,126.6,213.0,139.2,113.39999999999999
g_145.png,356.4,123.6,342.9,91.8,289.2,187.2,301.2,215.4,237.0,190.79999999999998,226.2,220.79999999999998,264.59999999999997,138.6,238.2,148.2,244.2,91.2,163.2,180.0,171.0,220.79999999999998,165.0,145.79999999999998,134.4,177.0,132.6,213.0,141.6,113.39999999999999
g_146.png,357.0,123.0,345.3,90.6,291.0,187.2,301.2,216.6,238.79999999999998,191.4,228.0,220.2,268.2,138.6,238.79999999999998,151.2,249.0,91.8,165.0,180.0,171.0,220.79999999999998,169.2,145.2,139.2,175.2,139.2,213.0,144.6,112.2
g_147.png,360.0,118.8,347.7,88.8,292.8,189.6,302.4,219.0,240.6,191.4,228.6,219.6,271.8,138.6,240.6,150.6,252.6,93.0,165.6,179.4,172.2,220.79999999999998,172.79999999999998,146.4,142.79999999999998,174.6,145.79999999999998,212.4,147.0,111.0
g_148.png,363.59999999999997,117.6,348.9,87.6,294.0,190.2,300.0,219.6,240.6,191.4,228.6,219.6,274.2,139.2,242.39999999999998,150.6,253.2,91.2,167.4,178.79999999999998,172.2,220.79999999999998,174.6,144.0,147.6,174.6,151.79999999999998,211.79999999999998,150.6,109.8
g_149.png,364.8,118.19999999999999,351.3,88.2,294.59999999999997,190.2,301.8,220.79999999999998,242.39999999999998,191.4,228.6,219.6,276.0,139.2,246.0,151.2,257.4,91.2,167.4,178.2,172.2,220.79999999999998,178.79999999999998,142.79999999999998,153.0,174.6,160.2,211.79999999999998,152.4,109.8
g_150.png,367.2,118.19999999999999,352.5,87.6,294.59999999999997,190.79999999999998,301.2,220.79999999999998,243.0,192.0,229.2,219.6,276.59999999999997,139.79999999999998,247.2,151.2,259.8,91.2,169.79999999999998,178.2,172.2,220.79999999999998,182.4,141.0,157.79999999999998,174.6,166.79999999999998,213.0,156.0,109.8
g_151.png,369.59999999999997,116.39999999999999,355.5,87.0,294.0,191.4,301.2,220.79999999999998,246.0,190.79999999999998,230.39999999999998,219.6,282.0,139.2,250.2,153.0,262.2,91.8,,,169.79999999999998,219.6,186.6,139.79999999999998,162.0,174.0,173.4,212.4,157.79999999999998,109.2
g_152.png,369.59999999999997,116.39999999999999,357.9,86.39999999999999,293.4,193.2,300.59999999999997,222.0,247.79999999999998,190.79999999999998,231.6,219.0,283.8,141.0,254.39999999999998,153.0,265.2,92.39999999999999,,,172.79999999999998,220.2,189.6,138.0,168.0,174.6,180.6,213.0,159.0,109.8
g_153.png,372.59999999999997,117.0,360.9,85.8,293.4,193.2,300.59999999999997,220.79999999999998,252.0,192.6,234.0,217.2,286.2,141.6,256.2,154.2,267.59999999999997,92.39999999999999,,,172.79999999999998,220.2,193.79999999999998,137.4,173.4,177.0,187.79999999999998,213.6,160.79999999999998,109.2
g_154.png,375.59999999999997,117.0,362.7,85.8,295.2,193.2,299.4,221.4,255.0,191.4,236.39999999999998,217.2,289.2,141.6,258.0,153.6,268.8,92.39999999999999,,,172.79999999999998,220.2,195.6,139.2,178.79999999999998,177.6,195.0,213.6,163.2,108.6
g_155.png,378.0,118.8,366.3,87.0,297.0,193.2,300.59999999999997,221.4,259.2,193.79999999999998,240.0,217.2,291.59999999999997,142.2,260.4,156.0,271.8,91.8,,,173.4,220.2,199.2,138.6,181.79999999999998,178.79999999999998,200.4,214.79999999999998,166.79999999999998,108.0
g_156.png,379.8,118.8,368.09999999999997,87.0,297.0,192.6,300.59999999999997,221.4,263.4,194.4,244.2,218.4,292.8,141.6,263.4,157.2,273.0,91.8,174.0,177.0,173.4,220.2,201.0,139.2,187.79999999999998,180.0,207.0,216.0,168.6,108.0
g_157.png,383.4,118.8,371.7,88.2,298.2,192.6,300.59999999999997,221.4,267.59999999999997,194.4,250.2,219.6,297.59999999999997,141.0,265.8,158.4,275.4,91.2,176.4,177.0,173.4,220.2,204.6,139.2,193.79999999999998,181.2,212.4,217.2,171.6,108.0
g_158.png,387.0,121.19999999999999,374.7,88.8,298.2,192.6,300.59999999999997,221.4,274.8,195.6,257.4,219.6,300.0,141.0,266.4,157.2,276.59999999999997,91.2,178.2,175.79999999999998,174.0,220.2,207.0,136.79999999999998,199.2,182.4,218.4,219.0,173.4,109.2
g_159.png,388.8,122.39999999999999,377.09999999999997,89.39999999999999,298.2,192.6,300.59999999999997,221.4,280.8,196.79999999999998,261.0,219.6,303.0,141.0,269.4,158.4,279.0,91.2,178.2,175.79999999999998,174.0,220.2,207.6,137.4,202.79999999999998,183.6,222.0,220.2,175.2,109.8
g_160.png,390.59999999999997,123.0,380.7,90.6,301.2,191.4,300.59999999999997,221.4,288.59999999999997,198.6,267.0,220.2,306.0,141.0,273.0,157.2,281.4,90.6,180.0,175.79999999999998,174.0,220.2,210.6,139.2,208.2,185.4,227.4,220.2,177.6,110.39999999999999
g_161.png,393.59999999999997,124.8,383.09999999999997,91.8,303.59999999999997,190.79999999999998,301.8,220.79999999999998,293.4,198.6,276.0,219.6,309.0,140.4,275.4,154.2,283.8,90.6,181.79999999999998,175.79999999999998,174.0,220.2,213.0,138.0,210.6,186.0,229.79999999999998,221.4,179.4,109.8
g_162.png,397.2,126.0,387.3,93.6,,,301.8,220.79999999999998,299.4,196.79999999999998,281.4,219.0,312.59999999999997,138.6,279.59999999999997,153.6,285.59999999999997,90.6,183.0,176.4,174.0,220.2,215.4,137.4,213.0,186.0,232.79999999999998,221.4,180.0,111.0
g_163.png,400.2,129.0,389.7,94.8,,,303.0,220.2,306.0,195.0,290.4,219.6,315.59999999999997,138.6,282.59999999999997,154.79999999999998,288.0,89.39999999999999,184.79999999999998,177.0,174.0,220.2,217.2,137.4,216.0,186.6,234.6,222.6,184.2,114.6
g_164.png,403.2,128.4,391.5,95.39999999999999,,,,,314.4,195.6,298.2,219.0,318.59999999999997,137.4,286.2,156.0,291.0,89.39999999999999,184.79999999999998,177.0,175.2,217.79999999999998,220.2,137.4,217.79999999999998,186.0,235.79999999999998,223.79999999999998,186.6,114.0
g_165.png,404.4,128.4,395.09999999999997,96.0,307.2,191.4,,,318.59999999999997,194.4,306.0,219.6,320.4,138.0,289.8,159.6,292.8,89.39999999999999,186.6,177.0,174.6,216.0,222.0,136.79999999999998,217.79999999999998,186.0,235.2,224.4,187.79999999999998,114.0
g_166.png,408.59999999999997,127.8,399.3,96.0,308.4,190.2,303.0,217.79999999999998,324.0,192.6,313.8,219.6,325.2,138.6,292.2,159.6,294.59999999999997,89.39999999999999,187.79999999999998,177.0,175.79999999999998,216.6,223.79999999999998,138.0,217.79999999999998,186.6,235.2,224.4,190.2,113.39999999999999
g_167.png,412.2,127.8,402.3,96.0,309.0,191.4,303.0,217.79999999999998,330.0,191.4,321.59999999999997,218.4,328.2,136.79999999999998,295.8,158.4,297.0,88.8,187.79999999999998,177.0,177.0,216.6,226.2,139.2,217.79999999999998,186.6,235.2,224.4,192.6,112.8
g_168.png,415.2,129.0,405.3,95.39999999999999,310.8,190.2,304.2,217.79999999999998,334.8,189.6,329.4,219.0,332.4,139.2,299.4,159.6,298.8,89.39999999999999,192.0,175.79999999999998,178.2,216.6,227.4,139.79999999999998,217.79999999999998,186.6,235.2,224.4,195.0,112.8
g_169.png,418.8,129.0,407.09999999999997,94.8,310.8,190.2,304.2,217.79999999999998,340.8,188.4,337.2,218.4,334.8,138.0,304.2,157.79999999999998,301.2,89.39999999999999,191.4,176.4,178.79999999999998,215.4,230.39999999999998,139.2,217.2,186.6,235.2,224.4,195.0,112.8
g_170.png,421.2,127.19999999999999,410.7,94.2,310.8,190.2,304.2,217.79999999999998,343.8,188.4,345.0,219.0,336.0,137.4,306.0,156.6,303.59999999999997,89.39999999999999,193.79999999999998,177.0,181.2,214.79999999999998,232.2,140.4,220.2,187.2,236.39999999999998,225.6,197.4,111.6
g_171.png,423.0,126.6,412.5,91.8,313.2,191.4,304.2,217.79999999999998,349.2,188.4,352.2,218.4,340.8,137.4,309.59999999999997,158.4,307.8,89.39999999999999,195.6,177.0,183.0,212.4,233.39999999999998,139.79999999999998,220.79999999999998,187.2,236.39999999999998,225.6,200.4,111.6
g_172.png,427.8,126.0,413.7,91.8,313.8,190.2,304.2,217.79999999999998,352.2,187.2,358.8,218.4,343.8,137.4,313.2,157.2,307.8,89.39999999999999,197.4,177.0,184.79999999999998,212.4,235.2,139.79999999999998,222.0,187.2,236.39999999999998,225.6,203.4,112.2
g_173.png,431.4,124.19999999999999,417.3,91.8,315.0,190.2,304.2,217.79999999999998,357.0,187.79999999999998,365.4,219.0,346.8,135.6,316.2,157.2,308.4,89.39999999999999,199.79999999999998,177.0,189.0,211.79999999999998,237.6,138.6,223.79999999999998,187.2,236.39999999999998,225.6,204.6,110.39999999999999
g_174.png,432.59999999999997,124.19999999999999,419.7,90.6,316.2,189.6,305.4,215.4,358.8,187.2,372.0,219.0,348.0,136.2,317.4,159.0,315.0,90.0,201.0,175.79999999999998,192.0,211.79999999999998,241.2,136.79999999999998,225.0,187.2,236.39999999999998,225.6,205.79999999999998,109.8
g_175.png,436.2,123.0,424.5,89.39999999999999,316.2,189.6,306.0,215.4,364.2,189.0,376.2,220.2,351.0,135.0,321.0,155.4,318.59999999999997,90.0,202.79999999999998,172.79999999999998,196.2,210.6,241.2,138.6,226.79999999999998,186.0,236.39999999999998,225.6,208.2,109.8
g_176.png,439.8,121.19999999999999,425.7,88.8,317.4,189.6,306.0,215.4,366.0,190.2,378.59999999999997,221.4,355.8,135.0,327.0,157.2,320.4,89.39999999999999,205.2,174.0,199.79999999999998,210.6,243.0,138.0,227.4,185.4,236.39999999999998,225.6,213.0,108.6
g_177.png,443.4,120.0,428.7,87.6,318.0,189.6,307.2,216.0,369.0,192.0,383.4,223.79999999999998,356.4,133.2,331.2,153.6,322.8,89.39999999999999,208.2,175.2,204.6,210.6,244.2,138.0,228.6,185.4,236.39999999999998,225.6,213.6,107.39999999999999
g_178.png,445.2,119.39999999999999,430.5,86.39999999999999,319.8,190.2,307.2,216.0,370.8,192.6,382.8,223.79999999999998,362.4,133.79999999999998,333.0,153.6,327.59999999999997,89.39999999999999,211.79999999999998,175.2,207.0,210.6,249.6,137.4,230.39999999999998,185.4,236.39999999999998,225.6,216.6,106.8
g_179.png,447.59999999999997,118.19999999999999,432.9,85.8,319.8,190.2,307.2,216.0,373.2,192.6,384.59999999999997,226.79999999999998,364.2,133.2,336.59999999999997,151.79999999999998,330.0,89.39999999999999,216.6,175.79999999999998,213.0,210.6,249.0,138.6,230.39999999999998,184.2,236.39999999999998,225.6,220.79999999999998,107.39999999999999
g_180.png,451.2,117.6,434.7,85.2,320.4,190.2,306.59999999999997,216.0,374.4,193.79999999999998,384.0,225.6,366.59999999999997,133.79999999999998,339.59999999999997,151.79999999999998,331.8,89.39999999999999,218.4,175.79999999999998,218.4,210.6,252.0,139.2,231.6,184.2,238.2,224.4,223.79999999999998,107.39999999999999
g_181.png,454.2,117.6,438.3,85.2,322.8,190.2,309.0,216.6,376.2,193.79999999999998,384.59999999999997,225.6,371.4,132.6,341.4,151.2,333.59999999999997,89.39999999999999,221.4,174.0,226.2,211.2,253.2,138.6,232.79999999999998,184.2,238.2,224.4,226.2,106.2
g_182.png,455.4,117.6,440.7,85.2,322.8,190.2,310.2,216.6,376.2,193.79999999999998,384.0,228.0,373.8,132.0,343.8,151.2,335.4,89.39999999999999,,,229.79999999999998,213.0,255.0,139.2,235.2,181.2,238.2,224.4,228.0,106.2
g_183.png,458.4,118.19999999999999,443.09999999999997,85.2,324.0,190.2,310.2,216.6,378.0,194.4,384.0,228.0,376.2,132.0,347.4,153.0,335.4,89.39999999999999,,,,,257.4,139.2,235.79999999999998,180.0,238.2,224.4,230.39999999999998,104.39999999999999
g_184.png,460.79999999999995,118.8,447.3,84.6,324.0,190.2,310.2,216.0,376.8,196.2,384.0,229.79999999999998,378.59999999999997,132.0,348.59999999999997,152.4,339.59999999999997,90.6,,,246.0,211.79999999999998,259.2,139.2,236.39999999999998,177.0,238.2,224.4,233.39999999999998,104.39999999999999
g_185.png,463.79999999999995,118.8,449.7,84.0,326.4,190.79999999999998,312.0,216.0,376.2,197.4,384.0,229.79999999999998,380.4,133.79999999999998,350.4,150.6,343.8,90.6,,,252.0,211.79999999999998,261.59999999999997,139.79999999999998,237.0,180.0,238.2,224.4,235.2,105.0
g_186.png,465.0,122.39999999999999,453.3,85.2,328.2,190.2,313.8,216.0,376.2,197.4,384.0,229.79999999999998,384.0,133.79999999999998,351.59999999999997,150.6,347.4,90.0,249.6,181.79999999999998,259.2,213.0,262.2,139.79999999999998,239.39999999999998,181.79999999999998,238.2,224.4,237.0,105.0
g_187.png,469.79999999999995,122.39999999999999,455.7,85.8,333.0,191.4,315.0,214.2,377.4,197.4,384.0,229.79999999999998,384.59999999999997,133.79999999999998,351.59999999999997,151.2,349.8,89.39999999999999,253.2,181.2,266.4,213.0,264.59999999999997,139.79999999999998,239.39999999999998,181.2,238.2,224.4,240.0,104.39999999999999
g_188.png,471.0,122.39999999999999,456.9,85.8,336.59999999999997,192.0,317.4,214.2,377.4,197.4,384.0,229.79999999999998,386.4,134.4,353.4,150.6,353.4,89.39999999999999,258.0,180.0,271.8,213.6,268.8,139.79999999999998,240.6,181.2,240.0,224.4,243.6,104.39999999999999
g_189.png,474.0,123.6,462.9,87.6,339.59999999999997,192.0,321.0,213.6,377.4,197.4,384.0,229.79999999999998,390.0,133.79999999999998,355.2,150.6,355.8,89.39999999999999,262.2,178.2,279.59999999999997,214.79999999999998,268.8,139.79999999999998,242.39999999999998,181.79999999999998,240.0,224.4,246.6,105.6
g_190.png,476.4,127.8,467.09999999999997,90.0,345.0,193.2,324.0,215.4,380.4,197.4,384.0,229.79999999999998,391.8,133.2,359.4,151.79999999999998,357.59999999999997,88.8,268.8,178.79999999999998,286.8,214.79999999999998,272.4,139.2,244.2,181.79999999999998,240.0,224.4,247.2,106.2
g_191.png,480.0,128.4,470.7,91.8,349.8,193.2,330.59999999999997,216.0,380.4,196.2,384.0,229.79999999999998,395.4,132.6,361.2,156.0,360.0,88.2,274.8,180.0,292.2,216.6,273.59999999999997,139.79999999999998,244.79999999999998,180.6,240.0,224.4,251.39999999999998,106.8
g_192.png,484.79999999999995,129.0,475.5,93.6,355.8,192.6,336.0,217.2,381.0,196.2,384.0,229.79999999999998,399.0,132.0,364.8,154.2,362.4,87.6,281.4,181.2,298.2,217.2,276.59999999999997,141.0,246.6,180.6,240.0,224.4,254.39999999999998,108.0
g_193.png,486.0,132.6,477.29999999999995,97.2,363.0,192.6,342.0,215.4,383.4,196.79999999999998,384.0,229.2,398.4,134.4,368.4,154.79999999999998,364.8,87.6,285.59999999999997,183.0,304.2,220.2,279.59999999999997,140.4,246.6,180.6,240.0,224.4,255.6,109.8
g_194.png,487.79999999999995,134.4,479.09999999999997,98.39999999999999,369.0,192.6,348.59999999999997,215.4,384.59999999999997,196.2,385.8,228.6,401.4,134.4,370.2,152.4,367.8,86.39999999999999,291.0,184.2,310.2,220.79999999999998,280.2,141.0,249.6,180.6,240.0,224.4,256.2,109.8
g_195.png,490.2,135.6,483.9,100.8,375.59999999999997,193.2,353.4,214.79999999999998,384.59999999999997,196.2,387.0,228.6,405.59999999999997,133.79999999999998,374.4,150.6,370.2,86.39999999999999,294.0,183.6,314.4,220.79999999999998,280.8,142.79999999999998,250.79999999999998,180.6,240.0,224.4,257.4,111.6
g_196.png,492.59999999999997,138.0,487.5,102.0,,,361.8,216.6,387.59999999999997,196.79999999999998,387.0,228.6,409.8,132.6,378.0,153.0,373.2,86.39999999999999,300.0,184.79999999999998,318.0,221.4,282.59999999999997,145.2,253.2,180.6,241.79999999999998,223.79999999999998,259.8,111.6
g_197.png,495.59999999999997,139.2,489.9,104.39999999999999,,,367.2,217.2,388.2,196.2,387.0,228.6,411.59999999999997,132.6,382.8,151.79999999999998,375.59999999999997,86.39999999999999,300.59999999999997,184.79999999999998,321.59999999999997,221.4,280.8,145.79999999999998,255.0,180.6,241.79999999999998,223.2,263.4,114.6
g_198.png,497.4,141.6,494.7,106.2,,,376.8,217.2,390.59999999999997,195.6,387.0,228.6,414.59999999999997,131.4,383.4,154.2,376.8,86.39999999999999,301.8,185.4,322.2,222.0,285.59999999999997,146.4,256.2,180.0,242.39999999999998,221.4,262.2,114.6
g_199.png,501.59999999999997,142.2,495.9,108.0,400.8,191.4,,,391.2,195.6,387.0,228.6,417.0,130.2,385.2,152.4,376.8,86.39999999999999,301.8,185.4,322.2,222.0,286.8,146.4,257.4,180.0,242.39999999999998,221.4,265.2,114.0
g_200.png,504.0,145.2,497.7,111.0,405.59999999999997,189.6,394.2,218.4,393.59999999999997,195.6,387.59999999999997,228.6,420.0,130.79999999999998,386.4,152.4,381.59999999999997,86.39999999999999,305.4,186.6,322.2,222.0,288.59999999999997,148.2,259.2,180.0,242.39999999999998,221.4,267.59999999999997,114.0
g_201.png,505.79999999999995,145.2,501.9,112.2,411.59999999999997,187.79999999999998,403.2,217.79999999999998,394.2,195.6,385.2,226.2,421.2,130.79999999999998,390.0,151.79999999999998,383.4,85.8,305.4,186.6,321.0,223.79999999999998,291.59999999999997,147.0,259.8,180.0,244.2,221.4,270.59999999999997,113.39999999999999
g_202.png,509.4,145.79999999999998,504.9,111.6,416.4,186.6,410.4,216.6,396.0,194.4,389.4,226.2,424.2,131.4,393.0,152.4,387.59999999999997,85.8,304.8,187.2,322.2,223.79999999999998,295.2,147.0,263.4,180.0,245.39999999999998,220.79999999999998,274.8,113.39999999999999
g_203.png,510.0,145.79999999999998,507.9,112.2,422.4,185.4,419.4,216.0,396.0,192.6,388.2,226.79999999999998,427.2,132.6,394.8,151.79999999999998,386.4,85.8,303.59999999999997,187.2,322.2,225.0,297.0,147.0,264.0,180.0,246.0,220.2,279.0,112.8
g_204.png,513.6,144.6,510.29999999999995,112.2,426.0,184.79999999999998,426.59999999999997,214.79999999999998,396.59999999999997,192.6,388.2,226.79999999999998,429.0,133.2,396.0,153.0,390.59999999999997,86.39999999999999,304.2,187.2,322.2,225.0,301.2,146.4,265.2,180.0,248.39999999999998,220.2,279.59999999999997,112.8
g_205.png,517.8,144.6,514.5,111.0,431.4,183.6,432.59999999999997,216.0,396.59999999999997,192.6,388.2,226.79999999999998,433.2,133.2,399.0,151.79999999999998,394.2,87.6,306.0,187.2,322.2,225.0,304.8,144.0,267.0,178.2,250.2,219.6,282.59999999999997,112.8
g_206.png,518.4,143.4,515.6999999999999,110.39999999999999,435.59999999999997,183.6,440.4,216.0,399.59999999999997,192.6,388.2,226.79999999999998,433.8,133.2,402.0,153.6,396.59999999999997,87.6,306.0,187.2,322.2,225.0,307.8,144.6,269.4,177.0,253.79999999999998,219.0,285.59999999999997,111.6
g_207.png,521.4,141.6,518.6999999999999,109.8,439.2,183.0,447.0,215.4,399.59999999999997,193.79999999999998,388.2,226.79999999999998,435.59999999999997,133.79999999999998,402.0,150.6,400.2,87.0,308.4,187.2,322.2,225.0,312.0,146.4,270.59999999999997,177.0,256.8,219.0,289.2,111.0
g_208.png,525.6,138.6,521.6999999999999,108.0,444.59999999999997,185.4,454.2,216.6,400.2,193.79999999999998,388.2,226.79999999999998,437.4,133.2,405.0,151.2,405.0,87.0,309.59999999999997,187.2,322.2,225.0,316.2,147.0,274.2,176.4,262.8,217.79999999999998,291.0,109.8
g_209.png,527.4,138.0,524.1,106.8,448.2,187.2,458.4,217.2,402.59999999999997,194.4,388.2,226.79999999999998,439.8,133.2,407.4,152.4,405.59999999999997,87.0,312.0,186.6,322.2,225.0,318.59999999999997,149.4,277.2,175.79999999999998,266.4,217.2,296.4,109.8
g_210.png,529.1999999999999,137.4,525.3,105.0,451.8,187.2,463.2,217.2,403.2,194.4,388.8,225.0,442.2,134.4,409.2,152.4,409.2,87.0,312.0,184.79999999999998,322.2,225.0,323.4,147.6,280.2,175.79999999999998,270.0,218.4,297.59999999999997,109.8
g_211.png,532.1999999999999,134.4,528.3,103.2,456.0,189.0,466.79999999999995,220.2,406.2,193.79999999999998,391.8,225.0,445.2,135.6,412.8,151.79999999999998,410.4,87.6,312.59999999999997,184.2,322.2,225.0,328.2,146.4,284.4,175.2,275.4,218.4,300.0,109.8
g_212.png,535.8,132.6,530.1,101.39999999999999,457.2,190.79999999999998,469.79999999999995,220.79999999999998,406.2,193.2,391.8,225.0,447.0,135.6,415.8,151.2,411.0,87.6,313.8,184.2,322.2,225.0,331.2,146.4,288.0,174.6,282.0,217.79999999999998,301.2,109.2
g_213.png,535.8,132.0,531.9,100.8,460.2,191.4,471.59999999999997,223.79999999999998,409.8,192.0,393.0,224.4,450.0,135.6,414.59999999999997,151.2,413.4,87.6,316.2,183.6,322.2,225.0,336.0,143.4,292.8,174.6,288.0,217.79999999999998,304.2,106.8
g_214.png,537.6,129.6,534.3,100.2,460.79999999999995,191.4,471.59999999999997,223.79999999999998,409.2,193.2,393.0,224.4,453.0,135.6,417.0,148.79999999999998,416.4,87.6,316.2,183.6,323.4,225.6,337.8,143.4,297.59999999999997,174.6,294.59999999999997,217.79999999999998,308.4,109.2
g_215.png,541.8,127.8,536.6999999999999,97.8,465.0,193.2,473.4,225.0,410.4,193.79999999999998,393.0,224.4,454.2,135.6,420.0,151.2,418.8,87.6,317.4,183.6,323.4,225.6,343.8,144.0,301.2,175.79999999999998,301.8,216.6,311.4,106.2
g_216.png,545.4,126.6,537.9,96.6,465.59999999999997,193.2,473.4,225.0,411.0,193.79999999999998,394.2,223.79999999999998,454.2,135.6,419.4,152.4,422.4,87.6,319.2,182.4,323.4,225.6,349.2,142.79999999999998,306.0,176.4,309.59999999999997,217.79999999999998,315.0,104.39999999999999
g_217.png,547.1999999999999,124.8,540.9,94.8,464.4,193.79999999999998,471.59999999999997,225.0,414.59999999999997,193.79999999999998,394.2,224.4,457.2,136.2,423.0,151.2,427.2,87.6,,,327.0,225.0,353.4,142.79999999999998,310.8,177.0,316.8,217.79999999999998,317.4,105.0
g_218.png,549.6,124.19999999999999,542.6999999999999,94.8,463.79999999999995,193.2,471.59999999999997,225.0,415.2,193.79999999999998,394.8,224.4,460.2,136.79999999999998,427.2,150.6,430.2,87.6,,,,,357.0,140.4,316.2,177.0,326.4,219.0,318.59999999999997,103.8
g_219.png,552.6,123.0,545.1,93.0,464.4,195.0,471.59999999999997,225.0,415.2,193.79999999999998,398.4,223.79999999999998,466.2,139.2,427.8,150.0,433.8,87.6,,,325.8,223.2,361.2,140.4,323.4,177.6,334.2,218.4,322.8,102.0
g_220.png,553.8,123.0,547.5,93.0,465.59999999999997,195.6,471.59999999999997,225.6,418.2,194.4,398.4,223.79999999999998,468.0,138.6,430.2,151.79999999999998,436.2,87.6,,,325.8,223.2,363.0,138.0,327.0,178.79999999999998,343.2,218.4,325.8,100.8
g_221.png,556.1999999999999,123.0,551.1,92.39999999999999,465.59999999999997,195.6,471.59999999999997,226.2,421.2,194.4,402.0,221.4,468.59999999999997,138.6,433.2,150.6,438.0,88.8,,,325.8,223.2,368.4,137.4,335.4,180.0,350.4,217.79999999999998,328.8,102.0
g_222.png,561.0,121.8,552.9,92.39999999999999,466.79999999999995,193.79999999999998,471.59999999999997,226.2,427.2,194.4,406.2,220.79999999999998,470.4,138.6,435.59999999999997,150.0,440.4,88.8,327.0,179.4,325.8,223.2,372.59999999999997,136.2,343.2,181.2,357.59999999999997,219.0,332.4,101.39999999999999
g_223.png,562.1999999999999,121.8,556.5,92.39999999999999,468.0,194.4,471.59999999999997,226.2,432.59999999999997,196.2,409.2,220.2,474.59999999999997,138.6,435.59999999999997,151.2,443.4,88.8,328.2,180.0,325.8,223.2,375.59999999999997,135.0,347.4,181.79999999999998,365.4,219.0,334.8,102.6
g_224.png,565.1999999999999,123.6,558.3,94.8,468.0,194.4,471.59999999999997,226.2,436.2,196.2,415.2,222.0,475.79999999999995,138.0,442.2,151.79999999999998,448.2,87.6,328.8,180.0,325.8,223.2,378.59999999999997,132.6,355.8,183.0,372.59999999999997,220.79999999999998,337.8,102.6
g_225.png,567.6,124.8,560.6999999999999,94.2,469.2,195.0,471.59999999999997,226.2,443.4,198.6,421.8,222.0,479.4,136.79999999999998,445.8,151.79999999999998,449.4,87.6,330.59999999999997,180.0,326.4,223.2,381.0,132.0,361.2,184.2,378.59999999999997,223.2,339.59999999999997,103.2
g_226.png,570.6,124.8,565.5,94.2,469.79999999999995,195.6,471.59999999999997,226.2,451.2,198.6,430.2,222.6,483.0,135.0,447.59999999999997,154.79999999999998,449.4,87.0,330.59999999999997,180.0,327.59999999999997,223.2,385.2,132.0,368.4,185.4,387.0,225.0,341.4,103.8
g_227.png,571.8,128.4,566.1,96.6,471.0,195.6,471.59999999999997,226.2,459.0,198.6,436.8,222.6,485.4,135.0,450.59999999999997,157.2,453.0,87.0,331.8,180.6,327.59999999999997,223.2,388.8,133.2,373.8,187.2,394.2,225.0,343.2,103.2
g_228.png,,,571.5,96.6,474.0,195.0,473.4,225.6,467.4,198.0,442.8,222.6,490.2,136.2,455.4,158.4,455.4,86.39999999999999,334.2,179.4,327.59999999999997,223.2,390.59999999999997,135.0,376.8,187.2,399.59999999999997,225.0,348.0,104.39999999999999
g_229.png,,,,,,,472.79999999999995,225.6,474.59999999999997,197.4,449.4,222.6,492.59999999999997,136.2,459.0,159.0,458.4,85.8,334.2,179.4,327.59999999999997,223.2,393.0,136.2,382.2,187.2,403.8,226.79999999999998,352.2,105.0
g_230.png,,,,,,,473.4,225.0,481.2,196.79999999999998,456.0,222.0,499.2,135.6,460.79999999999995,156.6,462.0,84.6,336.59999999999997,179.4,327.59999999999997,223.2,394.8,136.2,385.8,187.79999999999998,405.59999999999997,226.79999999999998,353.4,106.8
g_231.png,,,,,477.59999999999997,196.2,474.59999999999997,225.0,488.4,196.2,465.59999999999997,222.6,501.0,134.4,466.2,158.4,465.59999999999997,84.6,337.2,179.4,327.59999999999997,223.2,396.0,137.4,387.59999999999997,188.4,408.59999999999997,226.79999999999998,354.59999999999997,106.8
g_232.png,,,,,478.79999999999995,195.0,,,495.0,195.0,472.79999999999995,222.6,505.2,133.2,469.2,159.0,467.4,84.6,337.2,179.4,327.59999999999997,223.2,399.0,137.4,390.59999999999997,189.6,409.8,228.0,357.59999999999997,106.8
g_233.png,,,,,478.79999999999995,195.6,474.59999999999997,222.0,501.0,193.2,482.4,224.4,510.0,133.2,471.0,157.2,470.4,84.6,342.59999999999997,180.6,327.59999999999997,223.2,399.59999999999997,141.6,394.2,189.6,409.8,228.0,360.59999999999997,107.39999999999999
g_234.png,,,,,479.4,193.79999999999998,475.79999999999995,222.0,506.4,192.6,490.79999999999995,223.2,512.4,132.6,473.4,157.2,474.59999999999997,84.6,342.0,180.6,329.4,220.2,402.0,142.79999999999998,393.59999999999997,190.79999999999998,409.2,229.2,364.8,106.2
g_235.png,,,,,481.79999999999995,192.6,475.79999999999995,223.2,511.79999999999995,191.4,500.4,222.6,516.6,133.79999999999998,480.59999999999997,162.0,478.79999999999995,84.6,344.4,182.4,329.4,220.2,403.8,144.6,393.59999999999997,190.79999999999998,410.4,229.2,367.8,108.0
g_236.png,,,,,482.4,193.2,475.2,221.4,519.0,191.4,508.2,222.0,519.6,133.2,481.79999999999995,157.2,480.59999999999997,83.39999999999999,344.4,181.79999999999998,331.8,220.2,406.8,144.6,392.4,192.0,411.0,231.0,370.8,108.6
g_237.png,,,,,482.4,193.2,475.2,221.4,523.8,189.0,517.8,220.79999999999998,524.4,133.2,484.79999999999995,154.79999999999998,483.59999999999997,84.6,347.4,180.6,333.0,218.4,408.0,144.6,392.4,192.0,409.2,231.6,373.8,106.2
g_238.png,,,,,483.0,193.2,475.2,221.4,528.0,189.0,524.4,220.2,524.4,133.2,490.2,159.0,486.59999999999997,84.6,349.2,183.0,333.0,218.4,408.59999999999997,147.0,393.0,192.0,411.0,230.39999999999998,374.4,106.8
g_239.png,,,,,483.0,193.2,475.2,221.4,532.8,188.4,531.6,220.2,528.6,133.2,493.79999999999995,159.0,490.79999999999995,85.2,349.8,180.6,334.2,218.4,411.0,145.2,396.0,192.0,411.0,230.39999999999998,378.59999999999997,106.8
g_240.png,,,,,486.0,193.2,475.79999999999995,221.4,537.0,188.4,538.8,219.0,534.0,133.2,498.0,159.0,492.0,85.2,351.59999999999997,179.4,337.8,217.2,412.8,145.2,399.0,191.4,411.0,230.39999999999998,380.4,105.0
g_241.png,,,,,485.4,193.2,476.4,222.0,540.6,186.0,546.0,219.6,536.4,133.2,501.0,159.6,493.79999999999995,84.6,355.2,178.79999999999998,341.4,216.0,416.4,145.2,399.59999999999997,189.0,411.0,230.39999999999998,383.4,102.6
g_242.png,,,,,487.2,192.0,477.59999999999997,220.79999999999998,545.4,190.2,553.8,219.6,540.0,133.79999999999998,507.59999999999997,159.0,495.59999999999997,85.8,358.2,178.79999999999998,346.2,215.4,419.4,142.79999999999998,401.4,189.0,411.0,230.39999999999998,386.4,102.6
g_243.png,,,,,487.2,192.0,476.4,221.4,549.6,189.6,558.6,220.79999999999998,541.8,133.2,511.79999999999995,158.4,498.0,85.8,360.0,178.79999999999998,350.4,214.79999999999998,421.2,144.0,402.59999999999997,189.0,411.0,230.39999999999998,390.0,100.8
g_244.png,,,,,487.2,192.0,476.4,222.0,552.6,189.6,562.1999999999999,220.2,544.8,133.2,514.1999999999999,160.2,500.4,86.39999999999999,364.2,178.2,355.8,214.79999999999998,422.4,143.4,404.4,188.4,411.0,230.39999999999998,393.0,99.6
g_245.png,,,,,490.79999999999995,192.0,477.0,222.0,555.0,192.6,565.1999999999999,221.4,548.4,133.2,519.0,160.79999999999998,502.79999999999995,85.2,368.4,177.0,361.2,214.79999999999998,425.4,142.79999999999998,405.0,187.2,411.0,230.39999999999998,394.8,100.2
g_246.png,,,,,491.4,191.4,478.79999999999995,222.0,558.0,192.6,568.1999999999999,222.6,553.8,132.6,522.6,159.6,506.4,86.39999999999999,372.59999999999997,176.4,364.8,214.79999999999998,428.4,142.79999999999998,406.2,186.0,412.8,229.2,399.0,100.2
g_247.png,,,,,493.2,190.2,480.0,221.4,558.0,192.6,570.6,223.79999999999998,554.4,132.6,528.6,160.2,508.79999999999995,85.8,376.2,176.4,371.4,214.79999999999998,429.59999999999997,144.6,408.0,184.2,413.4,230.39999999999998,402.0,99.6
g_248.png,,,,,495.0,190.2,480.59999999999997,221.4,559.8,192.0,569.4,225.0,559.1999999999999,132.0,531.6,159.0,513.0,85.8,382.8,174.6,378.0,214.79999999999998,432.0,144.6,408.0,184.79999999999998,413.4,230.39999999999998,403.8,99.0
g_249.png,,,,,495.0,190.2,481.2,220.2,561.6,192.0,571.1999999999999,225.0,562.8,132.0,534.6,156.0,514.8,85.2,386.4,175.79999999999998,386.4,214.79999999999998,433.8,145.2,409.8,184.2,413.4,230.39999999999998,406.8,96.6
g_250.png,,,,,496.79999999999995,187.79999999999998,481.2,219.0,563.4,195.0,567.6,226.2,565.8,131.4,537.0,155.4,514.8,85.2,391.8,175.2,393.59999999999997,214.79999999999998,435.0,145.79999999999998,413.4,182.4,414.0,230.39999999999998,409.8,97.2
g_251.png,,,,,497.4,188.4,482.4,219.6,563.4,196.2,567.6,226.79999999999998,568.1999999999999,130.79999999999998,538.1999999999999,157.2,520.8,85.8,397.2,175.2,400.2,214.79999999999998,437.4,145.2,414.59999999999997,182.4,415.2,230.39999999999998,412.2,97.8
g_252.png,,,,,498.0,188.4,483.0,219.6,562.1999999999999,196.2,567.0,227.4,571.8,130.2,542.4,159.6,524.4,85.8,403.2,175.2,,,441.59999999999997,144.0,415.2,182.4,415.2,230.39999999999998,415.8,97.8
g_253.png,,,,,501.0,191.4,482.4,219.6,562.1999999999999,196.79999999999998,566.4,228.6,574.8,130.79999999999998,544.1999999999999,157.79999999999998,527.4,85.8,,,420.59999999999997,216.0,444.0,143.4,415.8,182.4,415.2,230.39999999999998,417.59999999999997,97.8
g_254.png,,,,,501.59999999999997,191.4,482.4,219.6,562.1999999999999,196.79999999999998,566.4,228.6,,,546.0,156.6,531.6,85.2,,,427.8,216.6,447.0,142.2,418.2,182.4,415.8,230.39999999999998,420.59999999999997,97.8
g_255.png,,,,,504.59999999999997,190.2,486.59999999999997,219.6,562.8,198.0,566.4,228.6,,,547.8,155.4,534.0,85.2,,,434.4,216.6,450.0,141.6,419.4,180.6,415.8,230.39999999999998,421.8,99.0
g_256.png,,,,,507.0,189.6,489.59999999999997,218.4,562.8,198.0,566.4,226.79999999999998,,,550.1999999999999,152.4,537.6,85.2,,,442.8,217.79999999999998,453.0,142.2,418.8,179.4,415.8,230.39999999999998,426.0,99.0
g_257.png,,,,,511.79999999999995,190.79999999999998,490.79999999999995,218.4,564.6,198.0,566.4,226.79999999999998,,,549.6,153.0,541.1999999999999,85.2,436.8,182.4,450.0,220.2,455.4,142.79999999999998,421.2,180.0,415.8,230.39999999999998,430.2,99.0
g_258.png,,,,,515.4,190.2,494.4,217.79999999999998,565.8,197.4,566.4,226.79999999999998,,,549.6,153.0,544.1999999999999,84.6,441.0,181.2,458.4,219.0,455.4,144.0,423.59999999999997,180.6,415.8,230.39999999999998,430.8,99.6
g_259.png,,,,,522.0,190.79999999999998,501.59999999999997,217.2,565.8,196.79999999999998,566.4,226.79999999999998,,,553.8,151.79999999999998,546.0,84.6,446.4,181.2,464.4,219.0,456.59999999999997,145.2,426.0,180.6,415.8,230.39999999999998,434.4,101.39999999999999
g_260.png,,,,,527.4,192.6,505.2,218.4,568.1999999999999,196.2,567.0,226.79999999999998,,,556.8,151.79999999999998,547.1999999999999,84.6,452.4,183.6,469.79999999999995,222.0,459.0,144.0,426.59999999999997,180.6,415.8,230.39999999999998,436.8,103.2
g_261.png,,,,,533.4,193.79999999999998,511.79999999999995,217.79999999999998,568.8,196.2,568.1999999999999,226.79999999999998,,,560.4,151.79999999999998,549.0,84.6,459.0,184.79999999999998,476.4,222.0,462.59999999999997,143.4,427.8,181.79999999999998,415.8,230.39999999999998,439.2,102.0
g_262.png,,,,,537.6,193.79999999999998,519.0,217.2,568.8,196.2,568.8,226.79999999999998,,,563.4,151.79999999999998,549.6,85.2,463.79999999999995,186.6,482.4,221.4,466.79999999999995,144.0,429.59999999999997,182.4,416.4,228.6,441.59999999999997,103.2
g_263.png,,,,,546.6,193.79999999999998,523.8,217.79999999999998,573.0,193.2,568.8,226.79999999999998,,,565.8,152.4,552.0,85.2,468.0,186.0,484.79999999999995,223.2,467.4,144.6,432.0,182.4,417.59999999999997,228.6,442.8,103.2
g_264.png,,,,,552.6,192.6,531.0,217.2,,,571.1999999999999,226.79999999999998,,,567.6,151.2,555.6,84.0,469.79999999999995,186.0,490.2,223.79999999999998,470.4,145.2,432.59999999999997,182.4,417.59999999999997,228.6,447.0,105.6
g_265.png,,,,,559.8,192.0,538.8,216.6,,,571.1999999999999,226.79999999999998,,,573.0,148.79999999999998,558.0,82.8,473.4,186.0,492.59999999999997,222.6,470.4,148.79999999999998,435.0,182.4,417.59999999999997,228.6,449.4,105.6
g_266.png,,,,,565.1999999999999,190.79999999999998,547.1999999999999,216.6,,,571.1999999999999,226.79999999999998,,,,,560.4,82.8,473.4,186.0,492.59999999999997,222.6,472.79999999999995,147.0,436.2,182.4,417.59999999999997,228.6,450.59999999999997,107.39999999999999
g_267.png,,,,,,,556.8,214.79999999999998,,,571.1999999999999,226.79999999999998,,,,,562.1999999999999,82.2,475.2,186.0,494.4,224.4,475.79999999999995,148.79999999999998,438.0,182.4,419.4,228.0,453.0,107.39999999999999
g_268.png,,,,,,,563.4,216.6,,,571.1999999999999,226.79999999999998,,,,,564.6,82.2,475.79999999999995,186.0,494.4,225.0,476.4,147.6,438.59999999999997,182.4,420.59999999999997,227.4,455.4,108.0
g_269.png,,,,,,,,,,,571.1999999999999,223.79999999999998,,,,,564.6,82.8,475.79999999999995,186.0,494.4,226.79999999999998,481.2,147.6,440.4,181.79999999999998,420.59999999999997,227.4,459.0,110.39999999999999
g_270.png,,,,,,,,,,,570.0,225.0,,,,,567.6,82.8,475.79999999999995,186.0,494.4,226.79999999999998,483.0,147.6,442.2,181.79999999999998,421.8,226.2,460.2,109.2
g_271.png,,,,,,,,,,,571.1999999999999,224.4,,,,,570.6,82.8,475.79999999999995,186.0,494.4,226.79999999999998,484.79999999999995,147.6,444.0,181.79999999999998,424.2,225.6,461.4,108.6
g_272.png,,,,,,,,,,,571.1999999999999,223.79999999999998,,,,,573.0,82.8,475.79999999999995,186.0,493.79999999999995,226.79999999999998,487.79999999999995,147.6,444.0,181.79999999999998,424.8,224.4,465.59999999999997,109.8
g_273.png,,,,,,,,,,,572.4,224.4,,,,,574.8,82.2,478.79999999999995,188.4,493.79999999999995,226.79999999999998,488.4,150.0,448.2,180.0,427.2,223.79999999999998,468.0,107.39999999999999
g_274.png,,,,,,,,,,,572.4,223.79999999999998,,,,,,,478.79999999999995,187.79999999999998,493.79999999999995,226.79999999999998,490.2,149.4,448.2,179.4,430.2,223.2,469.79999999999995,108.0
g_275.png,,,,,,,,,,,572.4,223.79999999999998,,,,,,,480.0,187.79999999999998,493.79999999999995,226.79999999999998,495.0,148.79999999999998,450.59999999999997,178.2,435.59999999999997,220.79999999999998,471.59999999999997,107.39999999999999
g_276.png,,,,,,,,,,,572.4,223.79999999999998,,,,,,,482.4,186.0,493.79999999999995,226.79999999999998,502.79999999999995,148.2,453.0,177.6,439.2,220.79999999999998,475.79999999999995,105.6
g_277.png,,,,,,,,,,,572.4,223.79999999999998,,,,,,,482.4,186.0,493.79999999999995,226.79999999999998,510.0,144.6,456.0,176.4,444.59999999999997,222.0,479.4,107.39999999999999
g_278.png,,,,,,,,,,,573.0,222.6,,,,,,,484.2,184.79999999999998,493.79999999999995,226.2,516.0,143.4,459.59999999999997,175.2,449.4,220.2,480.0,105.0
g_279.png,,,,,,,,,,,,,,,,,,,484.2,184.79999999999998,493.79999999999995,226.2,520.8,143.4,464.4,174.6,454.8,220.2,484.79999999999995,103.8
g_280.png,,,,,,,,,,,,,,,,,,,486.0,185.4,493.79999999999995,226.2,523.1999999999999,144.0,469.79999999999995,174.6,459.0,220.2,488.4,103.8
g_281.png,,,,,,,,,,,,,,,,,,,486.59999999999997,184.79999999999998,495.59999999999997,226.2,529.1999999999999,142.79999999999998,474.0,174.6,465.0,219.6,492.0,102.0
g_282.png,,,,,,,,,,,,,,,,,,,487.79999999999995,184.2,495.59999999999997,226.2,532.8,142.2,477.0,172.2,472.79999999999995,217.79999999999998,493.79999999999995,102.0
g_283.png,,,,,,,,,,,,,,,,,,,491.4,184.2,494.4,223.2,537.6,141.6,483.0,172.2,478.79999999999995,218.4,499.2,99.6
g_284.png,,,,,,,,,,,,,,,,,,,,,496.79999999999995,222.6,541.1999999999999,141.0,488.4,171.6,488.4,218.4,502.79999999999995,100.8
g_285.png,,,,,,,,,,,,,,,,,,,,,,,546.0,141.0,495.0,171.6,495.0,217.2,504.0,100.8
g_286.png,,,,,,,,,,,,,,,,,,,,,495.0,223.2,552.0,137.4,496.79999999999995,174.6,503.4,217.2,507.0,99.0
g_287.png,,,,,,,,,,,,,,,,,,,,,496.79999999999995,222.0,555.6,137.4,501.59999999999997,176.4,511.2,216.6,510.0,100.2
g_288.png,,,,,,,,,,,,,,,,,,,495.59999999999997,181.79999999999998,496.79999999999995,222.0,561.0,135.6,508.79999999999995,177.6,517.8,216.6,513.6,99.0
g_289.png,,,,,,,,,,,,,,,,,,,495.59999999999997,181.79999999999998,496.79999999999995,222.0,565.8,135.0,515.4,177.0,527.4,217.79999999999998,513.6,99.6
g_290.png,,,,,,,,,,,,,,,,,,,498.0,181.79999999999998,496.79999999999995,222.0,569.4,134.4,519.6,179.4,535.1999999999999,217.79999999999998,519.0,100.8
g_291.png,,,,,,,,,,,,,,,,,,,498.59999999999997,181.2,496.79999999999995,222.0,,,527.4,181.79999999999998,544.1999999999999,219.0,520.8,100.8
g_292.png,,,,,,,,,,,,,,,,,,,499.79999999999995,180.6,496.79999999999995,222.0,,,534.0,182.4,551.4,220.2,523.8,101.39999999999999
g_293.png,,,,,,,,,,,,,,,,,,,499.79999999999995,180.6,496.79999999999995,222.0,,,542.4,181.79999999999998,558.0,222.6,525.6,101.39999999999999
g_294.png,,,,,,,,,,,,,,,,,,,499.79999999999995,180.6,496.79999999999995,222.0,,,548.4,182.4,565.8,222.6,528.6,102.0
g_295.png,,,,,,,,,,,,,,,,,,,504.0,180.6,498.59999999999997,222.0,,,554.4,183.0,571.8,224.4,532.1999999999999,101.39999999999999
g_296.png,,,,,,,,,,,,,,,,,,,505.79999999999995,178.79999999999998,498.59999999999997,222.0,,,561.0,183.0,,,536.4,100.8
g_297.png,,,,,,,,,,,,,,,,,,,506.4,178.79999999999998,498.59999999999997,222.0,,,563.4,182.4,,,537.0,102.0
g_298.png,,,,,,,,,,,,,,,,,,,507.59999999999997,180.0,498.59999999999997,222.0,,,569.4,183.6,,,540.6,104.39999999999999
g_299.png,,,,,,,,,,,,,,,,,,,510.0,180.0,498.59999999999997,222.0,,,574.1999999999999,183.6,,,541.8,103.2
g_300.png,,,,,,,,,,,,,,,,,,,510.0,180.0,498.59999999999997,222.0,,,,,,,543.6,103.8
g_301.png,,,,,,,,,,,,,,,,,,,512.4,180.0,498.59999999999997,222.0,,,,,,,546.6,107.39999999999999
g_302.png,,,,,,,,,,,,,,,,,,,512.4,180.0,498.59999999999997,222.0,,,,,,,548.4,105.0
g_303.png,,,,,,,,,,,,,,,,,,,512.4,180.0,501.0,221.4,,,,,,,553.1999999999999,107.39999999999999
g_304.png,,,,,,,,,,,,,,,,,,,516.6,179.4,503.4,220.2,,,,,,,555.0,105.6
g_305.png,,,,,,,,,,,,,,,,,,,517.8,179.4,503.4,220.2,,,,,,,558.6,106.2
g_306.png,,,,,,,,,,,,,,,,,,,519.0,178.79999999999998,502.79999999999995,219.6,,,,,,,562.1999999999999,105.6
g_307.png,,,,,,,,,,,,,,,,,,,519.0,178.79999999999998,506.4,219.6,,,,,,,566.4,104.39999999999999
g_308.png,,,,,,,,,,,,,,,,,,,521.4,179.4,506.4,219.0,,,,,,,569.4,103.2
g_309.png,,,,,,,,,,,,,,,,,,,525.0,179.4,507.59999999999997,217.79999999999998,,,,,,,571.8,102.0
g_310.png,,,,,,,,,,,,,,,,,,,528.6,177.6,511.2,216.0,,,,,,,,
g_311.png,,,,,,,,,,,,,,,,,,,531.0,178.2,515.4,215.4,,,,,,,,
g_312.png,,,,,,,,,,,,,,,,,,,532.8,177.6,519.0,216.0,,,,,,,,
g_313.png,,,,,,,,,,,,,,,,,,,537.0,175.79999999999998,523.8,214.2,,,,,,,,
g_314.png,,,,,,,,,,,,,,,,,,,540.6,174.6,527.4,215.4,,,,,,,,
g_315.png,,,,,,,,,,,,,,,,,,,543.6,175.2,534.0,214.79999999999998,,,,,,,,
g_316.png,,,,,,,,,,,,,,,,,,,549.0,173.4,538.8,213.0,,,,,,,,
g_317.png,,,,,,,,,,,,,,,,,,,552.0,172.79999999999998,544.8,214.2,,,,,,,,
g_318.png,,,,,,,,,,,,,,,,,,,557.4,173.4,551.4,214.2,,,,,,,,
